Service,Dev_VA6,Dev_VA6_Failover,Dev_NLD2,Dev_NLD2_Failover,Dev_DEU1,Dev_DEU1_Failover,Stage_VA6,Stage_VA6_Failover,Stage_NLD2,Stage_NLD2_Failover,Stage_OR2,Stage_OR2_Failover,Stage_IND1,Stage_IND1_Failover,Prod_VA6,Prod_VA6_Failover,Prod_OR2,Prod_OR2_Failover,Prod_IND1,Prod_IND1_Failover,Prod_AUS3,Prod_AUS3_Failover,Prod_DEU1,Prod_DEU1_Failover,Prod_IRL1,Prod_IRL1_Failover,Prod_JPN3,Prod_JPN3_Failover,Prod_NLD2,Prod_NLD2_Failover,Prod_SGP5,Prod_SGP5_Failover,Prod_VA7,Prod_VA7_Failover
accesscontrolservice,NOT_FOUND,NOT_FOUND,NOT_FOUND,NOT_FOUND,NOT_FOUND,NOT_FOUND,NOT_FOUND,NOT_FOUND,NOT_FOUND,NOT_FOUND,NOT_FOUND,NOT_FOUND,NOT_FOUND,NOT_FOUND,NOT_FOUND,NOT_FOUND,NOT_FOUND,NOT_FOUND,NOT_FOUND,NOT_FOUND,NOT_FOUND,NOT_FOUND,NOT_FOUND,NOT_FOUND,NOT_FOUND,NOT_FOUND,NOT_FOUND,NOT_FOUND,NOT_FOUND,NOT_FOUND,NOT_FOUND,NOT_FOUND,NOT_FOUND,NOT_FOUND
adobesign-remotesigner,FOUND(14),NOT_FOUND,FOUND(14),NOT_FOUND,FOUND(14),NOT_FOUND,FOUND(15),NOT_FOUND,FOUND(14),NOT_FOUND,FOUND(14),NOT_FOUND,FOUND(14),NOT_FOUND,FOUND(15),NOT_FOUND,FOUND(15),NOT_FOUND,FOUND(14),NOT_FOUND,FOUND(14),NOT_FOUND,FOUND(15),NOT_FOUND,FOUND(14),NOT_FOUND,FOUND(14),NOT_FOUND,FOUND(14),NOT_FOUND,FOUND(14),NOT_FOUND,FOUND(14),NOT_FOUND
adobesign-validator,FOUND(14),NOT_FOUND,FOUND(14),NOT_FOUND,FOUND(14),NOT_FOUND,FOUND(15),NOT_FOUND,FOUND(14),NOT_FOUND,FOUND(14),NOT_FOUND,FOUND(14),NOT_FOUND,FOUND(15),NOT_FOUND,FOUND(15),NOT_FOUND,FOUND(14),NOT_FOUND,FOUND(14),NOT_FOUND,FOUND(15),NOT_FOUND,FOUND(14),NOT_FOUND,FOUND(14),NOT_FOUND,FOUND(14),NOT_FOUND,FOUND(14),NOT_FOUND,FOUND(14),NOT_FOUND
adobesignbulkprocessor,NOT_FOUND,NOT_FOUND,NOT_FOUND,NOT_FOUND,NOT_FOUND,NOT_FOUND,NOT_FOUND,NOT_FOUND,FOUND(18),NOT_FOUND,NOT_FOUND,FOUND(20),NOT_FOUND,NOT_FOUND,NOT_FOUND,FOUND(18),NOT_FOUND,FOUND(18),NOT_FOUND,NOT_FOUND,NOT_FOUND,NOT_FOUND,NOT_FOUND,NOT_FOUND,NOT_FOUND,FOUND(20),NOT_FOUND,NOT_FOUND,NOT_FOUND,NOT_FOUND,NOT_FOUND,NOT_FOUND,NOT_FOUND,NOT_FOUND
biapi,NOT_FOUND,NOT_FOUND,NOT_FOUND,NOT_FOUND,NOT_FOUND,NOT_FOUND,NOT_FOUND,NOT_FOUND,NOT_FOUND,NOT_FOUND,NOT_FOUND,NOT_FOUND,NOT_FOUND,NOT_FOUND,NOT_FOUND,NOT_FOUND,NOT_FOUND,NOT_FOUND,NOT_FOUND,NOT_FOUND,NOT_FOUND,NOT_FOUND,NOT_FOUND,NOT_FOUND,NOT_FOUND,NOT_FOUND,FOUND(15),NOT_FOUND,NOT_FOUND,NOT_FOUND,NOT_FOUND,NOT_FOUND,NOT_FOUND,NOT_FOUND
biengine,NOT_FOUND,NOT_FOUND,NOT_FOUND,NOT_FOUND,NOT_FOUND,NOT_FOUND,NOT_FOUND,NOT_FOUND,NOT_FOUND,NOT_FOUND,NOT_FOUND,NOT_FOUND,NOT_FOUND,NOT_FOUND,NOT_FOUND,NOT_FOUND,NOT_FOUND,NOT_FOUND,NOT_FOUND,NOT_FOUND,FOUND(1),NOT_FOUND,NOT_FOUND,NOT_FOUND,NOT_FOUND,NOT_FOUND,NOT_FOUND,NOT_FOUND,NOT_FOUND,NOT_FOUND,NOT_FOUND,NOT_FOUND,NOT_FOUND,NOT_FOUND
biengineprocessor,NOT_FOUND,NOT_FOUND,NOT_FOUND,NOT_FOUND,NOT_FOUND,NOT_FOUND,NOT_FOUND,NOT_FOUND,NOT_FOUND,NOT_FOUND,NOT_FOUND,NOT_FOUND,NOT_FOUND,NOT_FOUND,NOT_FOUND,NOT_FOUND,NOT_FOUND,NOT_FOUND,NOT_FOUND,NOT_FOUND,NOT_FOUND,NOT_FOUND,NOT_FOUND,NOT_FOUND,NOT_FOUND,NOT_FOUND,NOT_FOUND,NOT_FOUND,NOT_FOUND,NOT_FOUND,NOT_FOUND,NOT_FOUND,NOT_FOUND,NOT_FOUND
bietllistener,NOT_FOUND,NOT_FOUND,NOT_FOUND,NOT_FOUND,NOT_FOUND,NOT_FOUND,NOT_FOUND,NOT_FOUND,NOT_FOUND,NOT_FOUND,NOT_FOUND,NOT_FOUND,NOT_FOUND,NOT_FOUND,NOT_FOUND,NOT_FOUND,NOT_FOUND,NOT_FOUND,NOT_FOUND,NOT_FOUND,NOT_FOUND,NOT_FOUND,NOT_FOUND,NOT_FOUND,NOT_FOUND,NOT_FOUND,NOT_FOUND,NOT_FOUND,NOT_FOUND,NOT_FOUND,NOT_FOUND,NOT_FOUND,NOT_FOUND,NOT_FOUND
bulksend,NOT_FOUND,NOT_FOUND,NOT_FOUND,NOT_FOUND,NOT_FOUND,NOT_FOUND,NOT_FOUND,NOT_FOUND,FOUND(15),NOT_FOUND,NOT_FOUND,FOUND(17),NOT_FOUND,NOT_FOUND,NOT_FOUND,FOUND(15),NOT_FOUND,FOUND(15),NOT_FOUND,NOT_FOUND,NOT_FOUND,NOT_FOUND,NOT_FOUND,NOT_FOUND,NOT_FOUND,FOUND(17),NOT_FOUND,NOT_FOUND,NOT_FOUND,NOT_FOUND,NOT_FOUND,NOT_FOUND,NOT_FOUND,NOT_FOUND
bulktaskprocessor,NOT_FOUND,NOT_FOUND,NOT_FOUND,NOT_FOUND,NOT_FOUND,NOT_FOUND,NOT_FOUND,NOT_FOUND,FOUND(15),NOT_FOUND,NOT_FOUND,FOUND(17),NOT_FOUND,NOT_FOUND,NOT_FOUND,FOUND(15),NOT_FOUND,FOUND(15),NOT_FOUND,NOT_FOUND,NOT_FOUND,NOT_FOUND,NOT_FOUND,NOT_FOUND,NOT_FOUND,FOUND(17),NOT_FOUND,NOT_FOUND,NOT_FOUND,NOT_FOUND,NOT_FOUND,NOT_FOUND,NOT_FOUND,NOT_FOUND
cascademcpclient,NOT_FOUND,NOT_FOUND,NOT_FOUND,NOT_FOUND,NOT_FOUND,NOT_FOUND,NOT_FOUND,NOT_FOUND,NOT_FOUND,NOT_FOUND,NOT_FOUND,NOT_FOUND,NOT_FOUND,NOT_FOUND,NOT_FOUND,NOT_FOUND,NOT_FOUND,NOT_FOUND,NOT_FOUND,NOT_FOUND,NOT_FOUND,NOT_FOUND,NOT_FOUND,NOT_FOUND,NOT_FOUND,NOT_FOUND,NOT_FOUND,NOT_FOUND,NOT_FOUND,NOT_FOUND,NOT_FOUND,NOT_FOUND,NOT_FOUND,NOT_FOUND
cascademcpserver,NOT_FOUND,NOT_FOUND,NOT_FOUND,NOT_FOUND,FOUND(14),NOT_FOUND,FOUND(14),NOT_FOUND,NOT_FOUND,NOT_FOUND,NOT_FOUND,NOT_FOUND,NOT_FOUND,NOT_FOUND,NOT_FOUND,NOT_FOUND,NOT_FOUND,NOT_FOUND,NOT_FOUND,NOT_FOUND,NOT_FOUND,NOT_FOUND,NOT_FOUND,NOT_FOUND,NOT_FOUND,NOT_FOUND,NOT_FOUND,NOT_FOUND,NOT_FOUND,NOT_FOUND,NOT_FOUND,NOT_FOUND,NOT_FOUND,NOT_FOUND
cemt,NOT_FOUND,NOT_FOUND,NOT_FOUND,NOT_FOUND,NOT_FOUND,NOT_FOUND,NOT_FOUND,NOT_FOUND,NOT_FOUND,NOT_FOUND,NOT_FOUND,NOT_FOUND,NOT_FOUND,NOT_FOUND,NOT_FOUND,NOT_FOUND,NOT_FOUND,NOT_FOUND,NOT_FOUND,NOT_FOUND,NOT_FOUND,NOT_FOUND,NOT_FOUND,NOT_FOUND,NOT_FOUND,NOT_FOUND,NOT_FOUND,NOT_FOUND,NOT_FOUND,NOT_FOUND,NOT_FOUND,NOT_FOUND,NOT_FOUND,NOT_FOUND
cemt-templates,NOT_FOUND,NOT_FOUND,NOT_FOUND,NOT_FOUND,NOT_FOUND,NOT_FOUND,NOT_FOUND,NOT_FOUND,NOT_FOUND,NOT_FOUND,NOT_FOUND,NOT_FOUND,NOT_FOUND,NOT_FOUND,NOT_FOUND,NOT_FOUND,NOT_FOUND,NOT_FOUND,NOT_FOUND,NOT_FOUND,NOT_FOUND,NOT_FOUND,NOT_FOUND,NOT_FOUND,NOT_FOUND,NOT_FOUND,NOT_FOUND,NOT_FOUND,NOT_FOUND,NOT_FOUND,NOT_FOUND,NOT_FOUND,NOT_FOUND,NOT_FOUND
crossshardmigration,NOT_FOUND,NOT_FOUND,NOT_FOUND,NOT_FOUND,NOT_FOUND,NOT_FOUND,NOT_FOUND,NOT_FOUND,FOUND(17),NOT_FOUND,NOT_FOUND,NOT_FOUND,NOT_FOUND,NOT_FOUND,NOT_FOUND,NOT_FOUND,NOT_FOUND,NOT_FOUND,NOT_FOUND,NOT_FOUND,NOT_FOUND,NOT_FOUND,NOT_FOUND,NOT_FOUND,NOT_FOUND,NOT_FOUND,NOT_FOUND,NOT_FOUND,NOT_FOUND,NOT_FOUND,NOT_FOUND,NOT_FOUND,NOT_FOUND,NOT_FOUND
ffdprovider,NOT_FOUND,NOT_FOUND,NOT_FOUND,NOT_FOUND,NOT_FOUND,NOT_FOUND,NOT_FOUND,NOT_FOUND,NOT_FOUND,NOT_FOUND,NOT_FOUND,NOT_FOUND,NOT_FOUND,NOT_FOUND,NOT_FOUND,NOT_FOUND,NOT_FOUND,NOT_FOUND,NOT_FOUND,NOT_FOUND,NOT_FOUND,NOT_FOUND,NOT_FOUND,NOT_FOUND,NOT_FOUND,NOT_FOUND,NOT_FOUND,NOT_FOUND,NOT_FOUND,NOT_FOUND,NOT_FOUND,NOT_FOUND,NOT_FOUND,NOT_FOUND
epis,NOT_FOUND,NOT_FOUND,NOT_FOUND,NOT_FOUND,NOT_FOUND,NOT_FOUND,NOT_FOUND,NOT_FOUND,NOT_FOUND,NOT_FOUND,NOT_FOUND,FOUND(20),NOT_FOUND,NOT_FOUND,NOT_FOUND,NOT_FOUND,NOT_FOUND,FOUND(2),NOT_FOUND,NOT_FOUND,NOT_FOUND,NOT_FOUND,NOT_FOUND,NOT_FOUND,NOT_FOUND,NOT_FOUND,NOT_FOUND,NOT_FOUND,NOT_FOUND,NOT_FOUND,NOT_FOUND,NOT_FOUND,FOUND(17),NOT_FOUND
msft-graph-connector,NOT_FOUND,NOT_FOUND,NOT_FOUND,NOT_FOUND,NOT_FOUND,NOT_FOUND,NOT_FOUND,NOT_FOUND,FOUND(13),NOT_FOUND,NOT_FOUND,NOT_FOUND,NOT_FOUND,NOT_FOUND,NOT_FOUND,NOT_FOUND,NOT_FOUND,NOT_FOUND,NOT_FOUND,NOT_FOUND,NOT_FOUND,NOT_FOUND,NOT_FOUND,NOT_FOUND,NOT_FOUND,NOT_FOUND,NOT_FOUND,NOT_FOUND,NOT_FOUND,NOT_FOUND,NOT_FOUND,NOT_FOUND,NOT_FOUND,NOT_FOUND
office365integration,NOT_FOUND,NOT_FOUND,NOT_FOUND,NOT_FOUND,NOT_FOUND,NOT_FOUND,NOT_FOUND,NOT_FOUND,FOUND(14),NOT_FOUND,NOT_FOUND,NOT_FOUND,NOT_FOUND,NOT_FOUND,NOT_FOUND,NOT_FOUND,NOT_FOUND,NOT_FOUND,NOT_FOUND,NOT_FOUND,NOT_FOUND,NOT_FOUND,NOT_FOUND,NOT_FOUND,NOT_FOUND,NOT_FOUND,NOT_FOUND,NOT_FOUND,NOT_FOUND,NOT_FOUND,NOT_FOUND,NOT_FOUND,NOT_FOUND,NOT_FOUND
pdfdigitalsigner,NOT_FOUND,NOT_FOUND,NOT_FOUND,NOT_FOUND,NOT_FOUND,NOT_FOUND,NOT_FOUND,NOT_FOUND,NOT_FOUND,NOT_FOUND,NOT_FOUND,NOT_FOUND,NOT_FOUND,NOT_FOUND,NOT_FOUND,NOT_FOUND,NOT_FOUND,NOT_FOUND,NOT_FOUND,NOT_FOUND,NOT_FOUND,NOT_FOUND,NOT_FOUND,NOT_FOUND,NOT_FOUND,NOT_FOUND,NOT_FOUND,NOT_FOUND,NOT_FOUND,NOT_FOUND,NOT_FOUND,NOT_FOUND,NOT_FOUND,NOT_FOUND
privacyrequestprocessor,NOT_FOUND,NOT_FOUND,NOT_FOUND,NOT_FOUND,NOT_FOUND,NOT_FOUND,NOT_FOUND,NOT_FOUND,NOT_FOUND,NOT_FOUND,NOT_FOUND,FOUND(15),NOT_FOUND,NOT_FOUND,NOT_FOUND,NOT_FOUND,NOT_FOUND,FOUND(11),NOT_FOUND,NOT_FOUND,NOT_FOUND,NOT_FOUND,NOT_FOUND,NOT_FOUND,NOT_FOUND,NOT_FOUND,NOT_FOUND,NOT_FOUND,NOT_FOUND,NOT_FOUND,NOT_FOUND,NOT_FOUND,NOT_FOUND,NOT_FOUND
signaccessibility,NOT_FOUND,NOT_FOUND,NOT_FOUND,NOT_FOUND,NOT_FOUND,NOT_FOUND,NOT_FOUND,NOT_FOUND,NOT_FOUND,NOT_FOUND,NOT_FOUND,NOT_FOUND,NOT_FOUND,NOT_FOUND,NOT_FOUND,NOT_FOUND,NOT_FOUND,NOT_FOUND,NOT_FOUND,NOT_FOUND,NOT_FOUND,NOT_FOUND,NOT_FOUND,NOT_FOUND,NOT_FOUND,NOT_FOUND,NOT_FOUND,NOT_FOUND,NOT_FOUND,NOT_FOUND,NOT_FOUND,NOT_FOUND,NOT_FOUND,NOT_FOUND
signcsc,NOT_FOUND,NOT_FOUND,NOT_FOUND,NOT_FOUND,NOT_FOUND,NOT_FOUND,NOT_FOUND,NOT_FOUND,NOT_FOUND,NOT_FOUND,NOT_FOUND,NOT_FOUND,NOT_FOUND,NOT_FOUND,NOT_FOUND,NOT_FOUND,NOT_FOUND,NOT_FOUND,NOT_FOUND,NOT_FOUND,NOT_FOUND,NOT_FOUND,NOT_FOUND,NOT_FOUND,NOT_FOUND,NOT_FOUND,NOT_FOUND,NOT_FOUND,NOT_FOUND,NOT_FOUND,NOT_FOUND,NOT_FOUND,NOT_FOUND,NOT_FOUND
svs,NOT_FOUND,NOT_FOUND,NOT_FOUND,NOT_FOUND,NOT_FOUND,NOT_FOUND,NOT_FOUND,NOT_FOUND,NOT_FOUND,NOT_FOUND,NOT_FOUND,NOT_FOUND,NOT_FOUND,NOT_FOUND,NOT_FOUND,NOT_FOUND,NOT_FOUND,NOT_FOUND,NOT_FOUND,NOT_FOUND,NOT_FOUND,NOT_FOUND,NOT_FOUND,NOT_FOUND,NOT_FOUND,NOT_FOUND,NOT_FOUND,NOT_FOUND,NOT_FOUND,NOT_FOUND,NOT_FOUND,NOT_FOUND,NOT_FOUND,NOT_FOUND
transactionmanagement,NOT_FOUND,NOT_FOUND,NOT_FOUND,NOT_FOUND,NOT_FOUND,NOT_FOUND,NOT_FOUND,NOT_FOUND,NOT_FOUND,NOT_FOUND,NOT_FOUND,NOT_FOUND,NOT_FOUND,NOT_FOUND,NOT_FOUND,NOT_FOUND,NOT_FOUND,NOT_FOUND,NOT_FOUND,NOT_FOUND,NOT_FOUND,NOT_FOUND,NOT_FOUND,NOT_FOUND,NOT_FOUND,NOT_FOUND,NOT_FOUND,NOT_FOUND,NOT_FOUND,NOT_FOUND,NOT_FOUND,NOT_FOUND,NOT_FOUND,NOT_FOUND
uiddigsig,NOT_FOUND,NOT_FOUND,NOT_FOUND,NOT_FOUND,NOT_FOUND,NOT_FOUND,NOT_FOUND,NOT_FOUND,NOT_FOUND,NOT_FOUND,NOT_FOUND,NOT_FOUND,NOT_FOUND,NOT_FOUND,NOT_FOUND,NOT_FOUND,NOT_FOUND,NOT_FOUND,NOT_FOUND,NOT_FOUND,NOT_FOUND,NOT_FOUND,NOT_FOUND,NOT_FOUND,NOT_FOUND,NOT_FOUND,NOT_FOUND,NOT_FOUND,NOT_FOUND,NOT_FOUND,NOT_FOUND,NOT_FOUND,NOT_FOUND,NOT_FOUND
veevavaultintsvc,NOT_FOUND,NOT_FOUND,NOT_FOUND,NOT_FOUND,NOT_FOUND,NOT_FOUND,NOT_FOUND,NOT_FOUND,NOT_FOUND,NOT_FOUND,NOT_FOUND,NOT_FOUND,NOT_FOUND,NOT_FOUND,NOT_FOUND,NOT_FOUND,NOT_FOUND,NOT_FOUND,NOT_FOUND,NOT_FOUND,NOT_FOUND,NOT_FOUND,NOT_FOUND,NOT_FOUND,NOT_FOUND,NOT_FOUND,NOT_FOUND,NOT_FOUND,NOT_FOUND,NOT_FOUND,NOT_FOUND,NOT_FOUND,NOT_FOUND,NOT_FOUND
webhook-gdpr-listener,NOT_FOUND,NOT_FOUND,NOT_FOUND,NOT_FOUND,NOT_FOUND,NOT_FOUND,NOT_FOUND,NOT_FOUND,NOT_FOUND,NOT_FOUND,NOT_FOUND,NOT_FOUND,NOT_FOUND,NOT_FOUND,NOT_FOUND,NOT_FOUND,NOT_FOUND,NOT_FOUND,NOT_FOUND,NOT_FOUND,NOT_FOUND,NOT_FOUND,NOT_FOUND,NOT_FOUND,NOT_FOUND,NOT_FOUND,NOT_FOUND,NOT_FOUND,NOT_FOUND,NOT_FOUND,NOT_FOUND,NOT_FOUND,NOT_FOUND,NOT_FOUND
webhook,NOT_FOUND,NOT_FOUND,NOT_FOUND,NOT_FOUND,NOT_FOUND,NOT_FOUND,NOT_FOUND,NOT_FOUND,NOT_FOUND,NOT_FOUND,NOT_FOUND,FOUND(20),NOT_FOUND,NOT_FOUND,NOT_FOUND,FOUND(18),NOT_FOUND,FOUND(18),NOT_FOUND,NOT_FOUND,NOT_FOUND,NOT_FOUND,NOT_FOUND,NOT_FOUND,NOT_FOUND,FOUND(18),NOT_FOUND,NOT_FOUND,NOT_FOUND,NOT_FOUND,NOT_FOUND,NOT_FOUND,NOT_FOUND,NOT_FOUND
webhooklistener,NOT_FOUND,NOT_FOUND,NOT_FOUND,NOT_FOUND,NOT_FOUND,NOT_FOUND,NOT_FOUND,NOT_FOUND,NOT_FOUND,NOT_FOUND,NOT_FOUND,FOUND(15),NOT_FOUND,NOT_FOUND,NOT_FOUND,FOUND(14),NOT_FOUND,FOUND(14),NOT_FOUND,NOT_FOUND,NOT_FOUND,NOT_FOUND,NOT_FOUND,NOT_FOUND,NOT_FOUND,FOUND(14),NOT_FOUND,NOT_FOUND,NOT_FOUND,NOT_FOUND,NOT_FOUND,NOT_FOUND,NOT_FOUND,NOT_FOUND
webhookprocessor,NOT_FOUND,NOT_FOUND,NOT_FOUND,NOT_FOUND,NOT_FOUND,NOT_FOUND,NOT_FOUND,NOT_FOUND,NOT_FOUND,NOT_FOUND,NOT_FOUND,FOUND(15),NOT_FOUND,NOT_FOUND,NOT_FOUND,FOUND(14),NOT_FOUND,FOUND(14),NOT_FOUND,NOT_FOUND,NOT_FOUND,NOT_FOUND,NOT_FOUND,NOT_FOUND,NOT_FOUND,FOUND(14),NOT_FOUND,NOT_FOUND,NOT_FOUND,NOT_FOUND,NOT_FOUND,NOT_FOUND,NOT_FOUND,NOT_FOUND
yodaprovider,NOT_FOUND,NOT_FOUND,NOT_FOUND,NOT_FOUND,NOT_FOUND,NOT_FOUND,NOT_FOUND,NOT_FOUND,NOT_FOUND,NOT_FOUND,NOT_FOUND,NOT_FOUND,NOT_FOUND,NOT_FOUND,NOT_FOUND,NOT_FOUND,NOT_FOUND,NOT_FOUND,NOT_FOUND,NOT_FOUND,NOT_FOUND,NOT_FOUND,NOT_FOUND,NOT_FOUND,NOT_FOUND,NOT_FOUND,NOT_FOUND,NOT_FOUND,NOT_FOUND,NOT_FOUND,NOT_FOUND,NOT_FOUND,NOT_FOUND,NOT_FOUND
